employee number,last name,first name,Covered Period,No. of Hours Worked
1,Garcia,Manuel III,June 2019,162
1,Garcia,Manuel III,July 2019,165
1,Garcia,Manuel III,August 2019,150
1,Garcia,Manuel III,September 2019,153
1,Garcia,Manuel III,October 2019,153
1,Garcia,Manuel III,November 2019,157
1,Garcia,Manuel III,December 2019,159
1,Garcia,Manuel III,January 2020,169
1,Garcia,Manuel III,February 2020,168
1,Garcia,Manuel III,March 2020,154
1,Garcia,Manuel III,April 2020,156
1,Garcia,Manuel III,May 2020,162
1,Garcia,Manuel III,June 2020,151
1,Garcia,Manuel III,July 2020,156
1,Garcia,Manuel III,August 2020,157
1,Garcia,Manuel III,September 2020,164
1,Garcia,Manuel III,October 2020,167
1,Garcia,Manuel III,November 2020,155
1,Garcia,Manuel III,December 2020,163
1,Garcia,Manuel III,January 2021,158
1,Garcia,Manuel III,February 2021,159
1,Garcia,Manuel III,March 2021,170
1,Garcia,Manuel III,April 2021,169
1,Garcia,Manuel III,May 2021,166
1,Garcia,Manuel III,June 2021,169
1,Garcia,Manuel III,July 2021,155
1,Garcia,Manuel III,August 2021,165
1,Garcia,Manuel III,September 2021,165
1,Garcia,Manuel III,October 2021,150
1,Garcia,Manuel III,November 2021,168
1,Garcia,Manuel III,December 2021,153
1,Garcia,Manuel III,January 2022,167
1,Garcia,Manuel III,February 2022,169
1,Garcia,Manuel III,March 2022,169
1,Garcia,Manuel III,April 2022,169
1,Garcia,Manuel III,May 2022,164
1,Garcia,Manuel III,June 2022,157
1,Garcia,Manuel III,July 2022,150
1,Garcia,Manuel III,August 2022,151
1,Garcia,Manuel III,September 2022,159
1,Garcia,Manuel III,October 2022,150
1,Garcia,Manuel III,November 2022,160
1,Garcia,Manuel III,December 2022,170
1,Garcia,Manuel III,January 2023,153
1,Garcia,Manuel III,February 2023,161
1,Garcia,Manuel III,March 2023,168
1,Garcia,Manuel III,April 2023,152
1,Garcia,Manuel III,May 2023,150
1,Garcia,Manuel III,June 2023,150
1,Garcia,Manuel III,July 2023,154
1,Garcia,Manuel III,August 2023,155
1,Garcia,Manuel III,September 2023,156
1,Garcia,Manuel III,October 2023,158
1,Garcia,Manuel III,November 2023,170
1,Garcia,Manuel III,December 2023,167
1,Garcia,Manuel III,January 2024,165
1,Garcia,Manuel III,February 2024,154
1,Garcia,Manuel III,March 2024,159
1,Garcia,Manuel III,April 2024,160
1,Garcia,Manuel III,May 2024,151
2,Lim,Antonio,June 2019,151
2,Lim,Antonio,July 2019,157
2,Lim,Antonio,August 2019,159
2,Lim,Antonio,September 2019,153
2,Lim,Antonio,October 2019,156
2,Lim,Antonio,November 2019,161
2,Lim,Antonio,December 2019,164
2,Lim,Antonio,January 2020,168
2,Lim,Antonio,February 2020,150
2,Lim,Antonio,March 2020,164
2,Lim,Antonio,April 2020,153
2,Lim,Antonio,May 2020,162
2,Lim,Antonio,June 2020,160
2,Lim,Antonio,July 2020,170
2,Lim,Antonio,August 2020,161
2,Lim,Antonio,September 2020,154
2,Lim,Antonio,October 2020,156
2,Lim,Antonio,November 2020,154
2,Lim,Antonio,December 2020,165
2,Lim,Antonio,January 2021,170
2,Lim,Antonio,February 2021,153
2,Lim,Antonio,March 2021,162
2,Lim,Antonio,April 2021,154
2,Lim,Antonio,May 2021,170
2,Lim,Antonio,June 2021,158
2,Lim,Antonio,July 2021,164
2,Lim,Antonio,August 2021,165
2,Lim,Antonio,September 2021,170
2,Lim,Antonio,October 2021,153
2,Lim,Antonio,November 2021,165
2,Lim,Antonio,December 2021,163
2,Lim,Antonio,January 2022,166
2,Lim,Antonio,February 2022,167
2,Lim,Antonio,March 2022,155
2,Lim,Antonio,April 2022,159
2,Lim,Antonio,May 2022,153
2,Lim,Antonio,June 2022,150
2,Lim,Antonio,July 2022,155
2,Lim,Antonio,August 2022,150
2,Lim,Antonio,September 2022,167
2,Lim,Antonio,October 2022,168
2,Lim,Antonio,November 2022,154
2,Lim,Antonio,December 2022,152
2,Lim,Antonio,January 2023,166
2,Lim,Antonio,February 2023,153
2,Lim,Antonio,March 2023,152
2,Lim,Antonio,April 2023,160
2,Lim,Antonio,May 2023,163
2,Lim,Antonio,June 2023,166
2,Lim,Antonio,July 2023,157
2,Lim,Antonio,August 2023,159
2,Lim,Antonio,September 2023,150
2,Lim,Antonio,October 2023,160
2,Lim,Antonio,November 2023,168
2,Lim,Antonio,December 2023,161
2,Lim,Antonio,January 2024,152
2,Lim,Antonio,February 2024,152
2,Lim,Antonio,March 2024,153
2,Lim,Antonio,April 2024,153
2,Lim,Antonio,May 2024,168
3,Aquino,Bianca Sofia ,June 2019,164
3,Aquino,Bianca Sofia ,July 2019,153
3,Aquino,Bianca Sofia ,August 2019,170
3,Aquino,Bianca Sofia ,September 2019,167
3,Aquino,Bianca Sofia ,October 2019,168
3,Aquino,Bianca Sofia ,November 2019,164
3,Aquino,Bianca Sofia ,December 2019,159
3,Aquino,Bianca Sofia ,January 2020,151
3,Aquino,Bianca Sofia ,February 2020,154
3,Aquino,Bianca Sofia ,March 2020,160
3,Aquino,Bianca Sofia ,April 2020,161
3,Aquino,Bianca Sofia ,May 2020,158
3,Aquino,Bianca Sofia ,June 2020,161
3,Aquino,Bianca Sofia ,July 2020,152
3,Aquino,Bianca Sofia ,August 2020,169
3,Aquino,Bianca Sofia ,September 2020,166
3,Aquino,Bianca Sofia ,October 2020,150
3,Aquino,Bianca Sofia ,November 2020,150
3,Aquino,Bianca Sofia ,December 2020,156
3,Aquino,Bianca Sofia ,January 2021,169
3,Aquino,Bianca Sofia ,February 2021,164
3,Aquino,Bianca Sofia ,March 2021,160
3,Aquino,Bianca Sofia ,April 2021,169
3,Aquino,Bianca Sofia ,May 2021,158
3,Aquino,Bianca Sofia ,June 2021,163
3,Aquino,Bianca Sofia ,July 2021,152
3,Aquino,Bianca Sofia ,August 2021,153
3,Aquino,Bianca Sofia ,September 2021,152
3,Aquino,Bianca Sofia ,October 2021,161
3,Aquino,Bianca Sofia ,November 2021,163
3,Aquino,Bianca Sofia ,December 2021,166
3,Aquino,Bianca Sofia ,January 2022,158
3,Aquino,Bianca Sofia ,February 2022,158
3,Aquino,Bianca Sofia ,March 2022,169
3,Aquino,Bianca Sofia ,April 2022,158
3,Aquino,Bianca Sofia ,May 2022,152
3,Aquino,Bianca Sofia ,June 2022,170
3,Aquino,Bianca Sofia ,July 2022,153
3,Aquino,Bianca Sofia ,August 2022,162
3,Aquino,Bianca Sofia ,September 2022,164
3,Aquino,Bianca Sofia ,October 2022,150
3,Aquino,Bianca Sofia ,November 2022,154
3,Aquino,Bianca Sofia ,December 2022,153
3,Aquino,Bianca Sofia ,January 2023,163
3,Aquino,Bianca Sofia ,February 2023,161
3,Aquino,Bianca Sofia ,March 2023,163
3,Aquino,Bianca Sofia ,April 2023,163
3,Aquino,Bianca Sofia ,May 2023,161
3,Aquino,Bianca Sofia ,June 2023,166
3,Aquino,Bianca Sofia ,July 2023,164
3,Aquino,Bianca Sofia ,August 2023,166
3,Aquino,Bianca Sofia ,September 2023,169
3,Aquino,Bianca Sofia ,October 2023,151
3,Aquino,Bianca Sofia ,November 2023,158
3,Aquino,Bianca Sofia ,December 2023,150
3,Aquino,Bianca Sofia ,January 2024,154
3,Aquino,Bianca Sofia ,February 2024,156
3,Aquino,Bianca Sofia ,March 2024,163
3,Aquino,Bianca Sofia ,April 2024,157
3,Aquino,Bianca Sofia ,May 2024,165
4,Reyes,Isabella,June 2019,159
4,Reyes,Isabella,July 2019,168
4,Reyes,Isabella,August 2019,158
4,Reyes,Isabella,September 2019,165
4,Reyes,Isabella,October 2019,161
4,Reyes,Isabella,November 2019,156
4,Reyes,Isabella,December 2019,165
4,Reyes,Isabella,January 2020,151
4,Reyes,Isabella,February 2020,162
4,Reyes,Isabella,March 2020,153
4,Reyes,Isabella,April 2020,168
4,Reyes,Isabella,May 2020,165
4,Reyes,Isabella,June 2020,153
4,Reyes,Isabella,July 2020,160
4,Reyes,Isabella,August 2020,162
4,Reyes,Isabella,September 2020,156
4,Reyes,Isabella,October 2020,153
4,Reyes,Isabella,November 2020,155
4,Reyes,Isabella,December 2020,161
4,Reyes,Isabella,January 2021,150
4,Reyes,Isabella,February 2021,161
4,Reyes,Isabella,March 2021,158
4,Reyes,Isabella,April 2021,170
4,Reyes,Isabella,May 2021,160
4,Reyes,Isabella,June 2021,161
4,Reyes,Isabella,July 2021,155
4,Reyes,Isabella,August 2021,165
4,Reyes,Isabella,September 2021,158
4,Reyes,Isabella,October 2021,152
4,Reyes,Isabella,November 2021,169
4,Reyes,Isabella,December 2021,169
4,Reyes,Isabella,January 2022,164
4,Reyes,Isabella,February 2022,170
4,Reyes,Isabella,March 2022,153
4,Reyes,Isabella,April 2022,153
4,Reyes,Isabella,May 2022,157
4,Reyes,Isabella,June 2022,159
4,Reyes,Isabella,July 2022,159
4,Reyes,Isabella,August 2022,159
4,Reyes,Isabella,September 2022,153
4,Reyes,Isabella,October 2022,164
4,Reyes,Isabella,November 2022,168
4,Reyes,Isabella,December 2022,162
4,Reyes,Isabella,January 2023,153
4,Reyes,Isabella,February 2023,159
4,Reyes,Isabella,March 2023,160
4,Reyes,Isabella,April 2023,163
4,Reyes,Isabella,May 2023,157
4,Reyes,Isabella,June 2023,157
4,Reyes,Isabella,July 2023,151
4,Reyes,Isabella,August 2023,162
4,Reyes,Isabella,September 2023,152
4,Reyes,Isabella,October 2023,152
4,Reyes,Isabella,November 2023,151
4,Reyes,Isabella,December 2023,155
4,Reyes,Isabella,January 2024,158
4,Reyes,Isabella,February 2024,154
4,Reyes,Isabella,March 2024,150
4,Reyes,Isabella,April 2024,161
4,Reyes,Isabella,May 2024,152
5,Hernandez,Eduard,June 2019,155
5,Hernandez,Eduard,July 2019,166
5,Hernandez,Eduard,August 2019,158
5,Hernandez,Eduard,September 2019,151
5,Hernandez,Eduard,October 2019,167
5,Hernandez,Eduard,November 2019,166
5,Hernandez,Eduard,December 2019,153
5,Hernandez,Eduard,January 2020,158
5,Hernandez,Eduard,February 2020,170
5,Hernandez,Eduard,March 2020,154
5,Hernandez,Eduard,April 2020,166
5,Hernandez,Eduard,May 2020,153
5,Hernandez,Eduard,June 2020,157
5,Hernandez,Eduard,July 2020,153
5,Hernandez,Eduard,August 2020,168
5,Hernandez,Eduard,September 2020,167
5,Hernandez,Eduard,October 2020,151
5,Hernandez,Eduard,November 2020,168
5,Hernandez,Eduard,December 2020,167
5,Hernandez,Eduard,January 2021,170
5,Hernandez,Eduard,February 2021,152
5,Hernandez,Eduard,March 2021,155
5,Hernandez,Eduard,April 2021,155
5,Hernandez,Eduard,May 2021,162
5,Hernandez,Eduard,June 2021,162
5,Hernandez,Eduard,July 2021,152
5,Hernandez,Eduard,August 2021,165
5,Hernandez,Eduard,September 2021,157
5,Hernandez,Eduard,October 2021,157
5,Hernandez,Eduard,November 2021,161
5,Hernandez,Eduard,December 2021,167
5,Hernandez,Eduard,January 2022,156
5,Hernandez,Eduard,February 2022,157
5,Hernandez,Eduard,March 2022,168
5,Hernandez,Eduard,April 2022,161
5,Hernandez,Eduard,May 2022,169
5,Hernandez,Eduard,June 2022,167
5,Hernandez,Eduard,July 2022,159
5,Hernandez,Eduard,August 2022,164
5,Hernandez,Eduard,September 2022,159
5,Hernandez,Eduard,October 2022,168
5,Hernandez,Eduard,November 2022,150
5,Hernandez,Eduard,December 2022,159
5,Hernandez,Eduard,January 2023,161
5,Hernandez,Eduard,February 2023,167
5,Hernandez,Eduard,March 2023,159
5,Hernandez,Eduard,April 2023,150
5,Hernandez,Eduard,May 2023,166
5,Hernandez,Eduard,June 2023,160
5,Hernandez,Eduard,July 2023,154
5,Hernandez,Eduard,August 2023,170
5,Hernandez,Eduard,September 2023,153
5,Hernandez,Eduard,October 2023,169
5,Hernandez,Eduard,November 2023,158
5,Hernandez,Eduard,December 2023,164
5,Hernandez,Eduard,January 2024,150
5,Hernandez,Eduard,February 2024,169
5,Hernandez,Eduard,March 2024,158
5,Hernandez,Eduard,April 2024,157
5,Hernandez,Eduard,May 2024,163
6,Villanueva,Andrea Mae,June 2019,167
6,Villanueva,Andrea Mae,July 2019,170
6,Villanueva,Andrea Mae,August 2019,150
6,Villanueva,Andrea Mae,September 2019,161
6,Villanueva,Andrea Mae,October 2019,154
6,Villanueva,Andrea Mae,November 2019,150
6,Villanueva,Andrea Mae,December 2019,160
6,Villanueva,Andrea Mae,January 2020,164
6,Villanueva,Andrea Mae,February 2020,170
6,Villanueva,Andrea Mae,March 2020,168
6,Villanueva,Andrea Mae,April 2020,154
6,Villanueva,Andrea Mae,May 2020,153
6,Villanueva,Andrea Mae,June 2020,169
6,Villanueva,Andrea Mae,July 2020,157
6,Villanueva,Andrea Mae,August 2020,158
6,Villanueva,Andrea Mae,September 2020,163
6,Villanueva,Andrea Mae,October 2020,155
6,Villanueva,Andrea Mae,November 2020,150
6,Villanueva,Andrea Mae,December 2020,158
6,Villanueva,Andrea Mae,January 2021,165
6,Villanueva,Andrea Mae,February 2021,165
6,Villanueva,Andrea Mae,March 2021,161
6,Villanueva,Andrea Mae,April 2021,154
6,Villanueva,Andrea Mae,May 2021,157
6,Villanueva,Andrea Mae,June 2021,163
6,Villanueva,Andrea Mae,July 2021,160
6,Villanueva,Andrea Mae,August 2021,170
6,Villanueva,Andrea Mae,September 2021,164
6,Villanueva,Andrea Mae,October 2021,167
6,Villanueva,Andrea Mae,November 2021,169
6,Villanueva,Andrea Mae,December 2021,153
6,Villanueva,Andrea Mae,January 2022,159
6,Villanueva,Andrea Mae,February 2022,168
6,Villanueva,Andrea Mae,March 2022,152
6,Villanueva,Andrea Mae,April 2022,169
6,Villanueva,Andrea Mae,May 2022,161
6,Villanueva,Andrea Mae,June 2022,168
6,Villanueva,Andrea Mae,July 2022,163
6,Villanueva,Andrea Mae,August 2022,151
6,Villanueva,Andrea Mae,September 2022,156
6,Villanueva,Andrea Mae,October 2022,160
6,Villanueva,Andrea Mae,November 2022,166
6,Villanueva,Andrea Mae,December 2022,166
6,Villanueva,Andrea Mae,January 2023,153
6,Villanueva,Andrea Mae,February 2023,167
6,Villanueva,Andrea Mae,March 2023,160
6,Villanueva,Andrea Mae,April 2023,159
6,Villanueva,Andrea Mae,May 2023,162
6,Villanueva,Andrea Mae,June 2023,163
6,Villanueva,Andrea Mae,July 2023,156
6,Villanueva,Andrea Mae,August 2023,156
6,Villanueva,Andrea Mae,September 2023,157
6,Villanueva,Andrea Mae,October 2023,158
6,Villanueva,Andrea Mae,November 2023,163
6,Villanueva,Andrea Mae,December 2023,157
6,Villanueva,Andrea Mae,January 2024,166
6,Villanueva,Andrea Mae,February 2024,165
6,Villanueva,Andrea Mae,March 2024,158
6,Villanueva,Andrea Mae,April 2024,153
6,Villanueva,Andrea Mae,May 2024,156
7,San Jose,Brad,June 2019,167
7,San Jose,Brad,July 2019,157
7,San Jose,Brad,August 2019,170
7,San Jose,Brad,September 2019,152
7,San Jose,Brad,October 2019,166
7,San Jose,Brad,November 2019,168
7,San Jose,Brad,December 2019,163
7,San Jose,Brad,January 2020,154
7,San Jose,Brad,February 2020,154
7,San Jose,Brad,March 2020,162
7,San Jose,Brad,April 2020,167
7,San Jose,Brad,May 2020,170
7,San Jose,Brad,June 2020,151
7,San Jose,Brad,July 2020,155
7,San Jose,Brad,August 2020,151
7,San Jose,Brad,September 2020,169
7,San Jose,Brad,October 2020,169
7,San Jose,Brad,November 2020,157
7,San Jose,Brad,December 2020,159
7,San Jose,Brad,January 2021,167
7,San Jose,Brad,February 2021,159
7,San Jose,Brad,March 2021,150
7,San Jose,Brad,April 2021,169
7,San Jose,Brad,May 2021,154
7,San Jose,Brad,June 2021,167
7,San Jose,Brad,July 2021,170
7,San Jose,Brad,August 2021,166
7,San Jose,Brad,September 2021,153
7,San Jose,Brad,October 2021,160
7,San Jose,Brad,November 2021,151
7,San Jose,Brad,December 2021,170
7,San Jose,Brad,January 2022,154
7,San Jose,Brad,February 2022,154
7,San Jose,Brad,March 2022,166
7,San Jose,Brad,April 2022,166
7,San Jose,Brad,May 2022,165
7,San Jose,Brad,June 2022,160
7,San Jose,Brad,July 2022,163
7,San Jose,Brad,August 2022,158
7,San Jose,Brad,September 2022,161
7,San Jose,Brad,October 2022,170
7,San Jose,Brad,November 2022,156
7,San Jose,Brad,December 2022,159
7,San Jose,Brad,January 2023,165
7,San Jose,Brad,February 2023,153
7,San Jose,Brad,March 2023,169
7,San Jose,Brad,April 2023,162
7,San Jose,Brad,May 2023,168
7,San Jose,Brad,June 2023,167
7,San Jose,Brad,July 2023,160
7,San Jose,Brad,August 2023,152
7,San Jose,Brad,September 2023,151
7,San Jose,Brad,October 2023,161
7,San Jose,Brad,November 2023,153
7,San Jose,Brad,December 2023,162
7,San Jose,Brad,January 2024,154
7,San Jose,Brad,February 2024,151
7,San Jose,Brad,March 2024,167
7,San Jose,Brad,April 2024,150
7,San Jose,Brad,May 2024,157
8,Romualdez,Alice,June 2019,154
8,Romualdez,Alice,July 2019,153
8,Romualdez,Alice,August 2019,155
8,Romualdez,Alice,September 2019,156
8,Romualdez,Alice,October 2019,153
8,Romualdez,Alice,November 2019,152
8,Romualdez,Alice,December 2019,158
8,Romualdez,Alice,January 2020,151
8,Romualdez,Alice,February 2020,154
8,Romualdez,Alice,March 2020,150
8,Romualdez,Alice,April 2020,163
8,Romualdez,Alice,May 2020,169
8,Romualdez,Alice,June 2020,159
8,Romualdez,Alice,July 2020,155
8,Romualdez,Alice,August 2020,151
8,Romualdez,Alice,September 2020,157
8,Romualdez,Alice,October 2020,158
8,Romualdez,Alice,November 2020,170
8,Romualdez,Alice,December 2020,157
8,Romualdez,Alice,January 2021,153
8,Romualdez,Alice,February 2021,162
8,Romualdez,Alice,March 2021,153
8,Romualdez,Alice,April 2021,156
8,Romualdez,Alice,May 2021,170
8,Romualdez,Alice,June 2021,157
8,Romualdez,Alice,July 2021,169
8,Romualdez,Alice,August 2021,150
8,Romualdez,Alice,September 2021,155
8,Romualdez,Alice,October 2021,161
8,Romualdez,Alice,November 2021,159
8,Romualdez,Alice,December 2021,169
8,Romualdez,Alice,January 2022,157
8,Romualdez,Alice,February 2022,155
8,Romualdez,Alice,March 2022,158
8,Romualdez,Alice,April 2022,161
8,Romualdez,Alice,May 2022,164
8,Romualdez,Alice,June 2022,150
8,Romualdez,Alice,July 2022,158
8,Romualdez,Alice,August 2022,169
8,Romualdez,Alice,September 2022,156
8,Romualdez,Alice,October 2022,160
8,Romualdez,Alice,November 2022,169
8,Romualdez,Alice,December 2022,152
8,Romualdez,Alice,January 2023,150
8,Romualdez,Alice,February 2023,169
8,Romualdez,Alice,March 2023,164
8,Romualdez,Alice,April 2023,150
8,Romualdez,Alice,May 2023,169
8,Romualdez,Alice,June 2023,156
8,Romualdez,Alice,July 2023,151
8,Romualdez,Alice,August 2023,162
8,Romualdez,Alice,September 2023,168
8,Romualdez,Alice,October 2023,163
8,Romualdez,Alice,November 2023,159
8,Romualdez,Alice,December 2023,154
8,Romualdez,Alice,January 2024,167
8,Romualdez,Alice,February 2024,153
8,Romualdez,Alice,March 2024,152
8,Romualdez,Alice,April 2024,170
8,Romualdez,Alice,May 2024,163
9,Atienza,Rosie,June 2019,165
9,Atienza,Rosie,July 2019,154
9,Atienza,Rosie,August 2019,159
9,Atienza,Rosie,September 2019,154
9,Atienza,Rosie,October 2019,167
9,Atienza,Rosie,November 2019,168
9,Atienza,Rosie,December 2019,163
9,Atienza,Rosie,January 2020,163
9,Atienza,Rosie,February 2020,152
9,Atienza,Rosie,March 2020,153
9,Atienza,Rosie,April 2020,159
9,Atienza,Rosie,May 2020,162
9,Atienza,Rosie,June 2020,165
9,Atienza,Rosie,July 2020,152
9,Atienza,Rosie,August 2020,169
9,Atienza,Rosie,September 2020,156
9,Atienza,Rosie,October 2020,164
9,Atienza,Rosie,November 2020,166
9,Atienza,Rosie,December 2020,165
9,Atienza,Rosie,January 2021,158
9,Atienza,Rosie,February 2021,150
9,Atienza,Rosie,March 2021,160
9,Atienza,Rosie,April 2021,161
9,Atienza,Rosie,May 2021,163
9,Atienza,Rosie,June 2021,157
9,Atienza,Rosie,July 2021,156
9,Atienza,Rosie,August 2021,163
9,Atienza,Rosie,September 2021,165
9,Atienza,Rosie,October 2021,159
9,Atienza,Rosie,November 2021,156
9,Atienza,Rosie,December 2021,161
9,Atienza,Rosie,January 2022,168
9,Atienza,Rosie,February 2022,157
9,Atienza,Rosie,March 2022,151
9,Atienza,Rosie,April 2022,159
9,Atienza,Rosie,May 2022,152
9,Atienza,Rosie,June 2022,168
9,Atienza,Rosie,July 2022,164
9,Atienza,Rosie,August 2022,155
9,Atienza,Rosie,September 2022,154
9,Atienza,Rosie,October 2022,168
9,Atienza,Rosie,November 2022,164
9,Atienza,Rosie,December 2022,168
9,Atienza,Rosie,January 2023,151
9,Atienza,Rosie,February 2023,162
9,Atienza,Rosie,March 2023,150
9,Atienza,Rosie,April 2023,159
9,Atienza,Rosie,May 2023,166
9,Atienza,Rosie,June 2023,152
9,Atienza,Rosie,July 2023,158
9,Atienza,Rosie,August 2023,169
9,Atienza,Rosie,September 2023,160
9,Atienza,Rosie,October 2023,166
9,Atienza,Rosie,November 2023,151
9,Atienza,Rosie,December 2023,150
9,Atienza,Rosie,January 2024,155
9,Atienza,Rosie,February 2024,152
9,Atienza,Rosie,March 2024,165
9,Atienza,Rosie,April 2024,153
9,Atienza,Rosie,May 2024,164
10,Alvaro,Roderick,June 2019,155
10,Alvaro,Roderick,July 2019,161
10,Alvaro,Roderick,August 2019,169
10,Alvaro,Roderick,September 2019,156
10,Alvaro,Roderick,October 2019,170
10,Alvaro,Roderick,November 2019,156
10,Alvaro,Roderick,December 2019,169
10,Alvaro,Roderick,January 2020,156
10,Alvaro,Roderick,February 2020,152
10,Alvaro,Roderick,March 2020,156
10,Alvaro,Roderick,April 2020,155
10,Alvaro,Roderick,May 2020,155
10,Alvaro,Roderick,June 2020,163
10,Alvaro,Roderick,July 2020,159
10,Alvaro,Roderick,August 2020,154
10,Alvaro,Roderick,September 2020,163
10,Alvaro,Roderick,October 2020,167
10,Alvaro,Roderick,November 2020,153
10,Alvaro,Roderick,December 2020,163
10,Alvaro,Roderick,January 2021,169
10,Alvaro,Roderick,February 2021,158
10,Alvaro,Roderick,March 2021,163
10,Alvaro,Roderick,April 2021,155
10,Alvaro,Roderick,May 2021,166
10,Alvaro,Roderick,June 2021,164
10,Alvaro,Roderick,July 2021,155
10,Alvaro,Roderick,August 2021,151
10,Alvaro,Roderick,September 2021,155
10,Alvaro,Roderick,October 2021,156
10,Alvaro,Roderick,November 2021,162
10,Alvaro,Roderick,December 2021,160
10,Alvaro,Roderick,January 2022,164
10,Alvaro,Roderick,February 2022,158
10,Alvaro,Roderick,March 2022,157
10,Alvaro,Roderick,April 2022,163
10,Alvaro,Roderick,May 2022,155
10,Alvaro,Roderick,June 2022,165
10,Alvaro,Roderick,July 2022,160
10,Alvaro,Roderick,August 2022,153
10,Alvaro,Roderick,September 2022,160
10,Alvaro,Roderick,October 2022,168
10,Alvaro,Roderick,November 2022,153
10,Alvaro,Roderick,December 2022,164
10,Alvaro,Roderick,January 2023,168
10,Alvaro,Roderick,February 2023,155
10,Alvaro,Roderick,March 2023,154
10,Alvaro,Roderick,April 2023,167
10,Alvaro,Roderick,May 2023,155
10,Alvaro,Roderick,June 2023,153
10,Alvaro,Roderick,July 2023,155
10,Alvaro,Roderick,August 2023,158
10,Alvaro,Roderick,September 2023,154
10,Alvaro,Roderick,October 2023,167
10,Alvaro,Roderick,November 2023,151
10,Alvaro,Roderick,December 2023,168
10,Alvaro,Roderick,January 2024,151
10,Alvaro,Roderick,February 2024,164
10,Alvaro,Roderick,March 2024,167
10,Alvaro,Roderick,April 2024,157
10,Alvaro,Roderick,May 2024,161
11,Salcedo,Anthony,June 2019,164
11,Salcedo,Anthony,July 2019,166
11,Salcedo,Anthony,August 2019,170
11,Salcedo,Anthony,September 2019,151
11,Salcedo,Anthony,October 2019,167
11,Salcedo,Anthony,November 2019,162
11,Salcedo,Anthony,December 2019,164
11,Salcedo,Anthony,January 2020,150
11,Salcedo,Anthony,February 2020,152
11,Salcedo,Anthony,March 2020,169
11,Salcedo,Anthony,April 2020,164
11,Salcedo,Anthony,May 2020,168
11,Salcedo,Anthony,June 2020,161
11,Salcedo,Anthony,July 2020,170
11,Salcedo,Anthony,August 2020,159
11,Salcedo,Anthony,September 2020,164
11,Salcedo,Anthony,October 2020,150
11,Salcedo,Anthony,November 2020,162
11,Salcedo,Anthony,December 2020,159
11,Salcedo,Anthony,January 2021,168
11,Salcedo,Anthony,February 2021,154
11,Salcedo,Anthony,March 2021,157
11,Salcedo,Anthony,April 2021,153
11,Salcedo,Anthony,May 2021,166
11,Salcedo,Anthony,June 2021,162
11,Salcedo,Anthony,July 2021,155
11,Salcedo,Anthony,August 2021,170
11,Salcedo,Anthony,September 2021,163
11,Salcedo,Anthony,October 2021,166
11,Salcedo,Anthony,November 2021,163
11,Salcedo,Anthony,December 2021,168
11,Salcedo,Anthony,January 2022,169
11,Salcedo,Anthony,February 2022,167
11,Salcedo,Anthony,March 2022,157
11,Salcedo,Anthony,April 2022,167
11,Salcedo,Anthony,May 2022,164
11,Salcedo,Anthony,June 2022,153
11,Salcedo,Anthony,July 2022,160
11,Salcedo,Anthony,August 2022,170
11,Salcedo,Anthony,September 2022,160
11,Salcedo,Anthony,October 2022,151
11,Salcedo,Anthony,November 2022,170
11,Salcedo,Anthony,December 2022,166
11,Salcedo,Anthony,January 2023,160
11,Salcedo,Anthony,February 2023,168
11,Salcedo,Anthony,March 2023,170
11,Salcedo,Anthony,April 2023,166
11,Salcedo,Anthony,May 2023,152
11,Salcedo,Anthony,June 2023,156
11,Salcedo,Anthony,July 2023,159
11,Salcedo,Anthony,August 2023,152
11,Salcedo,Anthony,September 2023,170
11,Salcedo,Anthony,October 2023,162
11,Salcedo,Anthony,November 2023,159
11,Salcedo,Anthony,December 2023,154
11,Salcedo,Anthony,January 2024,154
11,Salcedo,Anthony,February 2024,159
11,Salcedo,Anthony,March 2024,160
11,Salcedo,Anthony,April 2024,162
11,Salcedo,Anthony,May 2024,158
12,Lopez,Josie,June 2019,151
12,Lopez,Josie,July 2019,155
12,Lopez,Josie,August 2019,157
12,Lopez,Josie,September 2019,150
12,Lopez,Josie,October 2019,151
12,Lopez,Josie,November 2019,153
12,Lopez,Josie,December 2019,168
12,Lopez,Josie,January 2020,168
12,Lopez,Josie,February 2020,170
12,Lopez,Josie,March 2020,158
12,Lopez,Josie,April 2020,168
12,Lopez,Josie,May 2020,157
12,Lopez,Josie,June 2020,160
12,Lopez,Josie,July 2020,168
12,Lopez,Josie,August 2020,153
12,Lopez,Josie,September 2020,162
12,Lopez,Josie,October 2020,169
12,Lopez,Josie,November 2020,163
12,Lopez,Josie,December 2020,150
12,Lopez,Josie,January 2021,160
12,Lopez,Josie,February 2021,153
12,Lopez,Josie,March 2021,156
12,Lopez,Josie,April 2021,153
12,Lopez,Josie,May 2021,156
12,Lopez,Josie,June 2021,169
12,Lopez,Josie,July 2021,152
12,Lopez,Josie,August 2021,168
12,Lopez,Josie,September 2021,168
12,Lopez,Josie,October 2021,156
12,Lopez,Josie,November 2021,170
12,Lopez,Josie,December 2021,161
12,Lopez,Josie,January 2022,150
12,Lopez,Josie,February 2022,154
12,Lopez,Josie,March 2022,163
12,Lopez,Josie,April 2022,159
12,Lopez,Josie,May 2022,152
12,Lopez,Josie,June 2022,151
12,Lopez,Josie,July 2022,162
12,Lopez,Josie,August 2022,165
12,Lopez,Josie,September 2022,151
12,Lopez,Josie,October 2022,162
12,Lopez,Josie,November 2022,155
12,Lopez,Josie,December 2022,156
12,Lopez,Josie,January 2023,151
12,Lopez,Josie,February 2023,160
12,Lopez,Josie,March 2023,156
12,Lopez,Josie,April 2023,156
12,Lopez,Josie,May 2023,156
12,Lopez,Josie,June 2023,156
12,Lopez,Josie,July 2023,161
12,Lopez,Josie,August 2023,168
12,Lopez,Josie,September 2023,168
12,Lopez,Josie,October 2023,168
12,Lopez,Josie,November 2023,169
12,Lopez,Josie,December 2023,152
12,Lopez,Josie,January 2024,162
12,Lopez,Josie,February 2024,159
12,Lopez,Josie,March 2024,169
12,Lopez,Josie,April 2024,158
12,Lopez,Josie,May 2024,155
13,Farala,Martha,June 2019,170
13,Farala,Martha,July 2019,161
13,Farala,Martha,August 2019,151
13,Farala,Martha,September 2019,161
13,Farala,Martha,October 2019,165
13,Farala,Martha,November 2019,162
13,Farala,Martha,December 2019,165
13,Farala,Martha,January 2020,162
13,Farala,Martha,February 2020,168
13,Farala,Martha,March 2020,163
13,Farala,Martha,April 2020,162
13,Farala,Martha,May 2020,159
13,Farala,Martha,June 2020,156
13,Farala,Martha,July 2020,154
13,Farala,Martha,August 2020,166
13,Farala,Martha,September 2020,158
13,Farala,Martha,October 2020,155
13,Farala,Martha,November 2020,165
13,Farala,Martha,December 2020,155
13,Farala,Martha,January 2021,155
13,Farala,Martha,February 2021,167
13,Farala,Martha,March 2021,150
13,Farala,Martha,April 2021,166
13,Farala,Martha,May 2021,166
13,Farala,Martha,June 2021,150
13,Farala,Martha,July 2021,160
13,Farala,Martha,August 2021,162
13,Farala,Martha,September 2021,150
13,Farala,Martha,October 2021,157
13,Farala,Martha,November 2021,169
13,Farala,Martha,December 2021,155
13,Farala,Martha,January 2022,154
13,Farala,Martha,February 2022,169
13,Farala,Martha,March 2022,154
13,Farala,Martha,April 2022,155
13,Farala,Martha,May 2022,162
13,Farala,Martha,June 2022,167
13,Farala,Martha,July 2022,169
13,Farala,Martha,August 2022,162
13,Farala,Martha,September 2022,156
13,Farala,Martha,October 2022,157
13,Farala,Martha,November 2022,170
13,Farala,Martha,December 2022,166
13,Farala,Martha,January 2023,150
13,Farala,Martha,February 2023,165
13,Farala,Martha,March 2023,160
13,Farala,Martha,April 2023,153
13,Farala,Martha,May 2023,153
13,Farala,Martha,June 2023,166
13,Farala,Martha,July 2023,166
13,Farala,Martha,August 2023,159
13,Farala,Martha,September 2023,170
13,Farala,Martha,October 2023,170
13,Farala,Martha,November 2023,155
13,Farala,Martha,December 2023,166
13,Farala,Martha,January 2024,167
13,Farala,Martha,February 2024,159
13,Farala,Martha,March 2024,162
13,Farala,Martha,April 2024,165
13,Farala,Martha,May 2024,156
14,Martinez,Leila,June 2019,164
14,Martinez,Leila,July 2019,151
14,Martinez,Leila,August 2019,154
14,Martinez,Leila,September 2019,166
14,Martinez,Leila,October 2019,154
14,Martinez,Leila,November 2019,157
14,Martinez,Leila,December 2019,164
14,Martinez,Leila,January 2020,157
14,Martinez,Leila,February 2020,152
14,Martinez,Leila,March 2020,166
14,Martinez,Leila,April 2020,165
14,Martinez,Leila,May 2020,165
14,Martinez,Leila,June 2020,168
14,Martinez,Leila,July 2020,161
14,Martinez,Leila,August 2020,164
14,Martinez,Leila,September 2020,157
14,Martinez,Leila,October 2020,152
14,Martinez,Leila,November 2020,167
14,Martinez,Leila,December 2020,153
14,Martinez,Leila,January 2021,157
14,Martinez,Leila,February 2021,163
14,Martinez,Leila,March 2021,166
14,Martinez,Leila,April 2021,155
14,Martinez,Leila,May 2021,154
14,Martinez,Leila,June 2021,163
14,Martinez,Leila,July 2021,155
14,Martinez,Leila,August 2021,169
14,Martinez,Leila,September 2021,161
14,Martinez,Leila,October 2021,158
14,Martinez,Leila,November 2021,150
14,Martinez,Leila,December 2021,167
14,Martinez,Leila,January 2022,155
14,Martinez,Leila,February 2022,154
14,Martinez,Leila,March 2022,151
14,Martinez,Leila,April 2022,155
14,Martinez,Leila,May 2022,166
14,Martinez,Leila,June 2022,156
14,Martinez,Leila,July 2022,158
14,Martinez,Leila,August 2022,169
14,Martinez,Leila,September 2022,154
14,Martinez,Leila,October 2022,170
14,Martinez,Leila,November 2022,160
14,Martinez,Leila,December 2022,160
14,Martinez,Leila,January 2023,153
14,Martinez,Leila,February 2023,155
14,Martinez,Leila,March 2023,159
14,Martinez,Leila,April 2023,158
14,Martinez,Leila,May 2023,167
14,Martinez,Leila,June 2023,169
14,Martinez,Leila,July 2023,158
14,Martinez,Leila,August 2023,160
14,Martinez,Leila,September 2023,151
14,Martinez,Leila,October 2023,164
14,Martinez,Leila,November 2023,155
14,Martinez,Leila,December 2023,166
14,Martinez,Leila,January 2024,153
14,Martinez,Leila,February 2024,157
14,Martinez,Leila,March 2024,151
14,Martinez,Leila,April 2024,158
14,Martinez,Leila,May 2024,150
15,Romualdez,Fredrick,June 2019,155
15,Romualdez,Fredrick,July 2019,165
15,Romualdez,Fredrick,August 2019,156
15,Romualdez,Fredrick,September 2019,165
15,Romualdez,Fredrick,October 2019,155
15,Romualdez,Fredrick,November 2019,159
15,Romualdez,Fredrick,December 2019,167
15,Romualdez,Fredrick,January 2020,166
15,Romualdez,Fredrick,February 2020,166
15,Romualdez,Fredrick,March 2020,161
15,Romualdez,Fredrick,April 2020,164
15,Romualdez,Fredrick,May 2020,155
15,Romualdez,Fredrick,June 2020,169
15,Romualdez,Fredrick,July 2020,165
15,Romualdez,Fredrick,August 2020,163
15,Romualdez,Fredrick,September 2020,161
15,Romualdez,Fredrick,October 2020,161
15,Romualdez,Fredrick,November 2020,151
15,Romualdez,Fredrick,December 2020,157
15,Romualdez,Fredrick,January 2021,166
15,Romualdez,Fredrick,February 2021,157
15,Romualdez,Fredrick,March 2021,165
15,Romualdez,Fredrick,April 2021,150
15,Romualdez,Fredrick,May 2021,154
15,Romualdez,Fredrick,June 2021,168
15,Romualdez,Fredrick,July 2021,152
15,Romualdez,Fredrick,August 2021,158
15,Romualdez,Fredrick,September 2021,160
15,Romualdez,Fredrick,October 2021,155
15,Romualdez,Fredrick,November 2021,156
15,Romualdez,Fredrick,December 2021,156
15,Romualdez,Fredrick,January 2022,154
15,Romualdez,Fredrick,February 2022,151
15,Romualdez,Fredrick,March 2022,154
15,Romualdez,Fredrick,April 2022,155
15,Romualdez,Fredrick,May 2022,155
15,Romualdez,Fredrick,June 2022,156
15,Romualdez,Fredrick,July 2022,153
15,Romualdez,Fredrick,August 2022,167
15,Romualdez,Fredrick,September 2022,165
15,Romualdez,Fredrick,October 2022,170
15,Romualdez,Fredrick,November 2022,168
15,Romualdez,Fredrick,December 2022,159
15,Romualdez,Fredrick,January 2023,154
15,Romualdez,Fredrick,February 2023,167
15,Romualdez,Fredrick,March 2023,152
15,Romualdez,Fredrick,April 2023,169
15,Romualdez,Fredrick,May 2023,153
15,Romualdez,Fredrick,June 2023,163
15,Romualdez,Fredrick,July 2023,161
15,Romualdez,Fredrick,August 2023,163
15,Romualdez,Fredrick,September 2023,154
15,Romualdez,Fredrick,October 2023,167
15,Romualdez,Fredrick,November 2023,156
15,Romualdez,Fredrick,December 2023,165
15,Romualdez,Fredrick,January 2024,152
15,Romualdez,Fredrick,February 2024,170
15,Romualdez,Fredrick,March 2024,160
15,Romualdez,Fredrick,April 2024,167
15,Romualdez,Fredrick,May 2024,155
16,Mata,Christian,June 2019,170
16,Mata,Christian,July 2019,154
16,Mata,Christian,August 2019,154
16,Mata,Christian,September 2019,165
16,Mata,Christian,October 2019,152
16,Mata,Christian,November 2019,161
16,Mata,Christian,December 2019,152
16,Mata,Christian,January 2020,151
16,Mata,Christian,February 2020,164
16,Mata,Christian,March 2020,169
16,Mata,Christian,April 2020,166
16,Mata,Christian,May 2020,161
16,Mata,Christian,June 2020,151
16,Mata,Christian,July 2020,151
16,Mata,Christian,August 2020,163
16,Mata,Christian,September 2020,156
16,Mata,Christian,October 2020,163
16,Mata,Christian,November 2020,156
16,Mata,Christian,December 2020,169
16,Mata,Christian,January 2021,166
16,Mata,Christian,February 2021,153
16,Mata,Christian,March 2021,164
16,Mata,Christian,April 2021,152
16,Mata,Christian,May 2021,155
16,Mata,Christian,June 2021,157
16,Mata,Christian,July 2021,165
16,Mata,Christian,August 2021,164
16,Mata,Christian,September 2021,153
16,Mata,Christian,October 2021,170
16,Mata,Christian,November 2021,157
16,Mata,Christian,December 2021,157
16,Mata,Christian,January 2022,169
16,Mata,Christian,February 2022,156
16,Mata,Christian,March 2022,169
16,Mata,Christian,April 2022,167
16,Mata,Christian,May 2022,161
16,Mata,Christian,June 2022,153
16,Mata,Christian,July 2022,163
16,Mata,Christian,August 2022,154
16,Mata,Christian,September 2022,169
16,Mata,Christian,October 2022,156
16,Mata,Christian,November 2022,161
16,Mata,Christian,December 2022,164
16,Mata,Christian,January 2023,168
16,Mata,Christian,February 2023,162
16,Mata,Christian,March 2023,153
16,Mata,Christian,April 2023,155
16,Mata,Christian,May 2023,157
16,Mata,Christian,June 2023,164
16,Mata,Christian,July 2023,161
16,Mata,Christian,August 2023,159
16,Mata,Christian,September 2023,161
16,Mata,Christian,October 2023,166
16,Mata,Christian,November 2023,157
16,Mata,Christian,December 2023,151
16,Mata,Christian,January 2024,168
16,Mata,Christian,February 2024,150
16,Mata,Christian,March 2024,159
16,Mata,Christian,April 2024,158
16,Mata,Christian,May 2024,168
17,De Leon,Selena,June 2019,161
17,De Leon,Selena,July 2019,169
17,De Leon,Selena,August 2019,167
17,De Leon,Selena,September 2019,165
17,De Leon,Selena,October 2019,153
17,De Leon,Selena,November 2019,160
17,De Leon,Selena,December 2019,164
17,De Leon,Selena,January 2020,165
17,De Leon,Selena,February 2020,151
17,De Leon,Selena,March 2020,162
17,De Leon,Selena,April 2020,161
17,De Leon,Selena,May 2020,157
17,De Leon,Selena,June 2020,161
17,De Leon,Selena,July 2020,163
17,De Leon,Selena,August 2020,152
17,De Leon,Selena,September 2020,151
17,De Leon,Selena,October 2020,166
17,De Leon,Selena,November 2020,151
17,De Leon,Selena,December 2020,166
17,De Leon,Selena,January 2021,151
17,De Leon,Selena,February 2021,151
17,De Leon,Selena,March 2021,162
17,De Leon,Selena,April 2021,156
17,De Leon,Selena,May 2021,158
17,De Leon,Selena,June 2021,158
17,De Leon,Selena,July 2021,163
17,De Leon,Selena,August 2021,160
17,De Leon,Selena,September 2021,169
17,De Leon,Selena,October 2021,168
17,De Leon,Selena,November 2021,150
17,De Leon,Selena,December 2021,154
17,De Leon,Selena,January 2022,150
17,De Leon,Selena,February 2022,155
17,De Leon,Selena,March 2022,165
17,De Leon,Selena,April 2022,169
17,De Leon,Selena,May 2022,165
17,De Leon,Selena,June 2022,169
17,De Leon,Selena,July 2022,162
17,De Leon,Selena,August 2022,163
17,De Leon,Selena,September 2022,160
17,De Leon,Selena,October 2022,170
17,De Leon,Selena,November 2022,159
17,De Leon,Selena,December 2022,166
17,De Leon,Selena,January 2023,156
17,De Leon,Selena,February 2023,153
17,De Leon,Selena,March 2023,166
17,De Leon,Selena,April 2023,150
17,De Leon,Selena,May 2023,151
17,De Leon,Selena,June 2023,168
17,De Leon,Selena,July 2023,150
17,De Leon,Selena,August 2023,161
17,De Leon,Selena,September 2023,168
17,De Leon,Selena,October 2023,168
17,De Leon,Selena,November 2023,165
17,De Leon,Selena,December 2023,165
17,De Leon,Selena,January 2024,157
17,De Leon,Selena,February 2024,162
17,De Leon,Selena,March 2024,163
17,De Leon,Selena,April 2024,168
17,De Leon,Selena,May 2024,164
18,San Jose,Allison,June 2019,164
18,San Jose,Allison,July 2019,170
18,San Jose,Allison,August 2019,157
18,San Jose,Allison,September 2019,162
18,San Jose,Allison,October 2019,161
18,San Jose,Allison,November 2019,162
18,San Jose,Allison,December 2019,165
18,San Jose,Allison,January 2020,161
18,San Jose,Allison,February 2020,163
18,San Jose,Allison,March 2020,164
18,San Jose,Allison,April 2020,168
18,San Jose,Allison,May 2020,154
18,San Jose,Allison,June 2020,151
18,San Jose,Allison,July 2020,167
18,San Jose,Allison,August 2020,167
18,San Jose,Allison,September 2020,166
18,San Jose,Allison,October 2020,159
18,San Jose,Allison,November 2020,166
18,San Jose,Allison,December 2020,152
18,San Jose,Allison,January 2021,165
18,San Jose,Allison,February 2021,167
18,San Jose,Allison,March 2021,170
18,San Jose,Allison,April 2021,156
18,San Jose,Allison,May 2021,150
18,San Jose,Allison,June 2021,156
18,San Jose,Allison,July 2021,162
18,San Jose,Allison,August 2021,165
18,San Jose,Allison,September 2021,160
18,San Jose,Allison,October 2021,152
18,San Jose,Allison,November 2021,158
18,San Jose,Allison,December 2021,156
18,San Jose,Allison,January 2022,152
18,San Jose,Allison,February 2022,150
18,San Jose,Allison,March 2022,160
18,San Jose,Allison,April 2022,162
18,San Jose,Allison,May 2022,153
18,San Jose,Allison,June 2022,159
18,San Jose,Allison,July 2022,157
18,San Jose,Allison,August 2022,166
18,San Jose,Allison,September 2022,160
18,San Jose,Allison,October 2022,154
18,San Jose,Allison,November 2022,167
18,San Jose,Allison,December 2022,153
18,San Jose,Allison,January 2023,155
18,San Jose,Allison,February 2023,156
18,San Jose,Allison,March 2023,161
18,San Jose,Allison,April 2023,152
18,San Jose,Allison,May 2023,157
18,San Jose,Allison,June 2023,169
18,San Jose,Allison,July 2023,170
18,San Jose,Allison,August 2023,159
18,San Jose,Allison,September 2023,150
18,San Jose,Allison,October 2023,166
18,San Jose,Allison,November 2023,167
18,San Jose,Allison,December 2023,158
18,San Jose,Allison,January 2024,169
18,San Jose,Allison,February 2024,165
18,San Jose,Allison,March 2024,166
18,San Jose,Allison,April 2024,167
18,San Jose,Allison,May 2024,160
19,Rosario,Cydney,June 2019,167
19,Rosario,Cydney,July 2019,153
19,Rosario,Cydney,August 2019,157
19,Rosario,Cydney,September 2019,159
19,Rosario,Cydney,October 2019,153
19,Rosario,Cydney,November 2019,157
19,Rosario,Cydney,December 2019,166
19,Rosario,Cydney,January 2020,152
19,Rosario,Cydney,February 2020,154
19,Rosario,Cydney,March 2020,154
19,Rosario,Cydney,April 2020,156
19,Rosario,Cydney,May 2020,150
19,Rosario,Cydney,June 2020,167
19,Rosario,Cydney,July 2020,155
19,Rosario,Cydney,August 2020,169
19,Rosario,Cydney,September 2020,164
19,Rosario,Cydney,October 2020,158
19,Rosario,Cydney,November 2020,152
19,Rosario,Cydney,December 2020,167
19,Rosario,Cydney,January 2021,165
19,Rosario,Cydney,February 2021,166
19,Rosario,Cydney,March 2021,158
19,Rosario,Cydney,April 2021,162
19,Rosario,Cydney,May 2021,157
19,Rosario,Cydney,June 2021,162
19,Rosario,Cydney,July 2021,150
19,Rosario,Cydney,August 2021,170
19,Rosario,Cydney,September 2021,161
19,Rosario,Cydney,October 2021,161
19,Rosario,Cydney,November 2021,158
19,Rosario,Cydney,December 2021,150
19,Rosario,Cydney,January 2022,170
19,Rosario,Cydney,February 2022,163
19,Rosario,Cydney,March 2022,163
19,Rosario,Cydney,April 2022,155
19,Rosario,Cydney,May 2022,165
19,Rosario,Cydney,June 2022,157
19,Rosario,Cydney,July 2022,168
19,Rosario,Cydney,August 2022,154
19,Rosario,Cydney,September 2022,164
19,Rosario,Cydney,October 2022,162
19,Rosario,Cydney,November 2022,155
19,Rosario,Cydney,December 2022,166
19,Rosario,Cydney,January 2023,154
19,Rosario,Cydney,February 2023,159
19,Rosario,Cydney,March 2023,154
19,Rosario,Cydney,April 2023,166
19,Rosario,Cydney,May 2023,168
19,Rosario,Cydney,June 2023,155
19,Rosario,Cydney,July 2023,164
19,Rosario,Cydney,August 2023,153
19,Rosario,Cydney,September 2023,166
19,Rosario,Cydney,October 2023,150
19,Rosario,Cydney,November 2023,167
19,Rosario,Cydney,December 2023,159
19,Rosario,Cydney,January 2024,168
19,Rosario,Cydney,February 2024,151
19,Rosario,Cydney,March 2024,166
19,Rosario,Cydney,April 2024,167
19,Rosario,Cydney,May 2024,162
20,Bautista,Mark,June 2019,156
20,Bautista,Mark,July 2019,169
20,Bautista,Mark,August 2019,154
20,Bautista,Mark,September 2019,153
20,Bautista,Mark,October 2019,156
20,Bautista,Mark,November 2019,154
20,Bautista,Mark,December 2019,168
20,Bautista,Mark,January 2020,169
20,Bautista,Mark,February 2020,156
20,Bautista,Mark,March 2020,162
20,Bautista,Mark,April 2020,153
20,Bautista,Mark,May 2020,164
20,Bautista,Mark,June 2020,169
20,Bautista,Mark,July 2020,167
20,Bautista,Mark,August 2020,153
20,Bautista,Mark,September 2020,153
20,Bautista,Mark,October 2020,151
20,Bautista,Mark,November 2020,169
20,Bautista,Mark,December 2020,154
20,Bautista,Mark,January 2021,157
20,Bautista,Mark,February 2021,160
20,Bautista,Mark,March 2021,160
20,Bautista,Mark,April 2021,167
20,Bautista,Mark,May 2021,168
20,Bautista,Mark,June 2021,166
20,Bautista,Mark,July 2021,150
20,Bautista,Mark,August 2021,154
20,Bautista,Mark,September 2021,152
20,Bautista,Mark,October 2021,163
20,Bautista,Mark,November 2021,151
20,Bautista,Mark,December 2021,152
20,Bautista,Mark,January 2022,152
20,Bautista,Mark,February 2022,169
20,Bautista,Mark,March 2022,170
20,Bautista,Mark,April 2022,162
20,Bautista,Mark,May 2022,157
20,Bautista,Mark,June 2022,163
20,Bautista,Mark,July 2022,167
20,Bautista,Mark,August 2022,169
20,Bautista,Mark,September 2022,162
20,Bautista,Mark,October 2022,167
20,Bautista,Mark,November 2022,150
20,Bautista,Mark,December 2022,151
20,Bautista,Mark,January 2023,154
20,Bautista,Mark,February 2023,160
20,Bautista,Mark,March 2023,160
20,Bautista,Mark,April 2023,150
20,Bautista,Mark,May 2023,152
20,Bautista,Mark,June 2023,151
20,Bautista,Mark,July 2023,163
20,Bautista,Mark,August 2023,169
20,Bautista,Mark,September 2023,165
20,Bautista,Mark,October 2023,167
20,Bautista,Mark,November 2023,154
20,Bautista,Mark,December 2023,157
20,Bautista,Mark,January 2024,156
20,Bautista,Mark,February 2024,159
20,Bautista,Mark,March 2024,165
20,Bautista,Mark,April 2024,168
20,Bautista,Mark,May 2024,160
21,Lazaro,Darlene,June 2019,168
21,Lazaro,Darlene,July 2019,152
21,Lazaro,Darlene,August 2019,167
21,Lazaro,Darlene,September 2019,153
21,Lazaro,Darlene,October 2019,169
21,Lazaro,Darlene,November 2019,166
21,Lazaro,Darlene,December 2019,162
21,Lazaro,Darlene,January 2020,153
21,Lazaro,Darlene,February 2020,163
21,Lazaro,Darlene,March 2020,152
21,Lazaro,Darlene,April 2020,170
21,Lazaro,Darlene,May 2020,153
21,Lazaro,Darlene,June 2020,167
21,Lazaro,Darlene,July 2020,162
21,Lazaro,Darlene,August 2020,156
21,Lazaro,Darlene,September 2020,160
21,Lazaro,Darlene,October 2020,160
21,Lazaro,Darlene,November 2020,155
21,Lazaro,Darlene,December 2020,160
21,Lazaro,Darlene,January 2021,158
21,Lazaro,Darlene,February 2021,165
21,Lazaro,Darlene,March 2021,154
21,Lazaro,Darlene,April 2021,169
21,Lazaro,Darlene,May 2021,155
21,Lazaro,Darlene,June 2021,153
21,Lazaro,Darlene,July 2021,157
21,Lazaro,Darlene,August 2021,165
21,Lazaro,Darlene,September 2021,165
21,Lazaro,Darlene,October 2021,160
21,Lazaro,Darlene,November 2021,169
21,Lazaro,Darlene,December 2021,163
21,Lazaro,Darlene,January 2022,157
21,Lazaro,Darlene,February 2022,155
21,Lazaro,Darlene,March 2022,157
21,Lazaro,Darlene,April 2022,168
21,Lazaro,Darlene,May 2022,157
21,Lazaro,Darlene,June 2022,150
21,Lazaro,Darlene,July 2022,162
21,Lazaro,Darlene,August 2022,157
21,Lazaro,Darlene,September 2022,170
21,Lazaro,Darlene,October 2022,158
21,Lazaro,Darlene,November 2022,165
21,Lazaro,Darlene,December 2022,170
21,Lazaro,Darlene,January 2023,154
21,Lazaro,Darlene,February 2023,160
21,Lazaro,Darlene,March 2023,166
21,Lazaro,Darlene,April 2023,170
21,Lazaro,Darlene,May 2023,158
21,Lazaro,Darlene,June 2023,166
21,Lazaro,Darlene,July 2023,164
21,Lazaro,Darlene,August 2023,150
21,Lazaro,Darlene,September 2023,170
21,Lazaro,Darlene,October 2023,165
21,Lazaro,Darlene,November 2023,162
21,Lazaro,Darlene,December 2023,169
21,Lazaro,Darlene,January 2024,152
21,Lazaro,Darlene,February 2024,163
21,Lazaro,Darlene,March 2024,152
21,Lazaro,Darlene,April 2024,167
21,Lazaro,Darlene,May 2024,163
22,Delos Santos,Kolby,June 2019,166
22,Delos Santos,Kolby,July 2019,155
22,Delos Santos,Kolby,August 2019,157
22,Delos Santos,Kolby,September 2019,151
22,Delos Santos,Kolby,October 2019,167
22,Delos Santos,Kolby,November 2019,152
22,Delos Santos,Kolby,December 2019,170
22,Delos Santos,Kolby,January 2020,151
22,Delos Santos,Kolby,February 2020,154
22,Delos Santos,Kolby,March 2020,158
22,Delos Santos,Kolby,April 2020,168
22,Delos Santos,Kolby,May 2020,151
22,Delos Santos,Kolby,June 2020,153
22,Delos Santos,Kolby,July 2020,166
22,Delos Santos,Kolby,August 2020,153
22,Delos Santos,Kolby,September 2020,155
22,Delos Santos,Kolby,October 2020,151
22,Delos Santos,Kolby,November 2020,153
22,Delos Santos,Kolby,December 2020,157
22,Delos Santos,Kolby,January 2021,151
22,Delos Santos,Kolby,February 2021,151
22,Delos Santos,Kolby,March 2021,157
22,Delos Santos,Kolby,April 2021,154
22,Delos Santos,Kolby,May 2021,163
22,Delos Santos,Kolby,June 2021,162
22,Delos Santos,Kolby,July 2021,168
22,Delos Santos,Kolby,August 2021,150
22,Delos Santos,Kolby,September 2021,161
22,Delos Santos,Kolby,October 2021,169
22,Delos Santos,Kolby,November 2021,152
22,Delos Santos,Kolby,December 2021,163
22,Delos Santos,Kolby,January 2022,154
22,Delos Santos,Kolby,February 2022,166
22,Delos Santos,Kolby,March 2022,166
22,Delos Santos,Kolby,April 2022,160
22,Delos Santos,Kolby,May 2022,161
22,Delos Santos,Kolby,June 2022,153
22,Delos Santos,Kolby,July 2022,158
22,Delos Santos,Kolby,August 2022,169
22,Delos Santos,Kolby,September 2022,164
22,Delos Santos,Kolby,October 2022,150
22,Delos Santos,Kolby,November 2022,170
22,Delos Santos,Kolby,December 2022,170
22,Delos Santos,Kolby,January 2023,150
22,Delos Santos,Kolby,February 2023,152
22,Delos Santos,Kolby,March 2023,161
22,Delos Santos,Kolby,April 2023,155
22,Delos Santos,Kolby,May 2023,152
22,Delos Santos,Kolby,June 2023,157
22,Delos Santos,Kolby,July 2023,162
22,Delos Santos,Kolby,August 2023,161
22,Delos Santos,Kolby,September 2023,169
22,Delos Santos,Kolby,October 2023,151
22,Delos Santos,Kolby,November 2023,166
22,Delos Santos,Kolby,December 2023,168
22,Delos Santos,Kolby,January 2024,168
22,Delos Santos,Kolby,February 2024,164
22,Delos Santos,Kolby,March 2024,165
22,Delos Santos,Kolby,April 2024,165
22,Delos Santos,Kolby,May 2024,155
23,Santos,Vella,June 2019,151
23,Santos,Vella,July 2019,160
23,Santos,Vella,August 2019,152
23,Santos,Vella,September 2019,158
23,Santos,Vella,October 2019,169
23,Santos,Vella,November 2019,165
23,Santos,Vella,December 2019,157
23,Santos,Vella,January 2020,162
23,Santos,Vella,February 2020,153
23,Santos,Vella,March 2020,151
23,Santos,Vella,April 2020,166
23,Santos,Vella,May 2020,167
23,Santos,Vella,June 2020,166
23,Santos,Vella,July 2020,155
23,Santos,Vella,August 2020,169
23,Santos,Vella,September 2020,160
23,Santos,Vella,October 2020,169
23,Santos,Vella,November 2020,167
23,Santos,Vella,December 2020,163
23,Santos,Vella,January 2021,150
23,Santos,Vella,February 2021,151
23,Santos,Vella,March 2021,156
23,Santos,Vella,April 2021,159
23,Santos,Vella,May 2021,155
23,Santos,Vella,June 2021,162
23,Santos,Vella,July 2021,160
23,Santos,Vella,August 2021,166
23,Santos,Vella,September 2021,167
23,Santos,Vella,October 2021,154
23,Santos,Vella,November 2021,164
23,Santos,Vella,December 2021,163
23,Santos,Vella,January 2022,167
23,Santos,Vella,February 2022,156
23,Santos,Vella,March 2022,160
23,Santos,Vella,April 2022,155
23,Santos,Vella,May 2022,154
23,Santos,Vella,June 2022,154
23,Santos,Vella,July 2022,170
23,Santos,Vella,August 2022,168
23,Santos,Vella,September 2022,168
23,Santos,Vella,October 2022,160
23,Santos,Vella,November 2022,161
23,Santos,Vella,December 2022,164
23,Santos,Vella,January 2023,169
23,Santos,Vella,February 2023,166
23,Santos,Vella,March 2023,151
23,Santos,Vella,April 2023,158
23,Santos,Vella,May 2023,157
23,Santos,Vella,June 2023,155
23,Santos,Vella,July 2023,165
23,Santos,Vella,August 2023,159
23,Santos,Vella,September 2023,170
23,Santos,Vella,October 2023,150
23,Santos,Vella,November 2023,164
23,Santos,Vella,December 2023,152
23,Santos,Vella,January 2024,169
23,Santos,Vella,February 2024,154
23,Santos,Vella,March 2024,150
23,Santos,Vella,April 2024,170
23,Santos,Vella,May 2024,155
24,Del Rosario,Tomas,June 2019,167
24,Del Rosario,Tomas,July 2019,154
24,Del Rosario,Tomas,August 2019,150
24,Del Rosario,Tomas,September 2019,167
24,Del Rosario,Tomas,October 2019,167
24,Del Rosario,Tomas,November 2019,158
24,Del Rosario,Tomas,December 2019,159
24,Del Rosario,Tomas,January 2020,154
24,Del Rosario,Tomas,February 2020,159
24,Del Rosario,Tomas,March 2020,162
24,Del Rosario,Tomas,April 2020,166
24,Del Rosario,Tomas,May 2020,153
24,Del Rosario,Tomas,June 2020,150
24,Del Rosario,Tomas,July 2020,164
24,Del Rosario,Tomas,August 2020,150
24,Del Rosario,Tomas,September 2020,161
24,Del Rosario,Tomas,October 2020,151
24,Del Rosario,Tomas,November 2020,168
24,Del Rosario,Tomas,December 2020,164
24,Del Rosario,Tomas,January 2021,162
24,Del Rosario,Tomas,February 2021,158
24,Del Rosario,Tomas,March 2021,155
24,Del Rosario,Tomas,April 2021,152
24,Del Rosario,Tomas,May 2021,167
24,Del Rosario,Tomas,June 2021,165
24,Del Rosario,Tomas,July 2021,153
24,Del Rosario,Tomas,August 2021,166
24,Del Rosario,Tomas,September 2021,168
24,Del Rosario,Tomas,October 2021,155
24,Del Rosario,Tomas,November 2021,168
24,Del Rosario,Tomas,December 2021,157
24,Del Rosario,Tomas,January 2022,167
24,Del Rosario,Tomas,February 2022,154
24,Del Rosario,Tomas,March 2022,163
24,Del Rosario,Tomas,April 2022,169
24,Del Rosario,Tomas,May 2022,165
24,Del Rosario,Tomas,June 2022,169
24,Del Rosario,Tomas,July 2022,164
24,Del Rosario,Tomas,August 2022,168
24,Del Rosario,Tomas,September 2022,150
24,Del Rosario,Tomas,October 2022,154
24,Del Rosario,Tomas,November 2022,156
24,Del Rosario,Tomas,December 2022,170
24,Del Rosario,Tomas,January 2023,162
24,Del Rosario,Tomas,February 2023,153
24,Del Rosario,Tomas,March 2023,168
24,Del Rosario,Tomas,April 2023,163
24,Del Rosario,Tomas,May 2023,169
24,Del Rosario,Tomas,June 2023,167
24,Del Rosario,Tomas,July 2023,151
24,Del Rosario,Tomas,August 2023,168
24,Del Rosario,Tomas,September 2023,162
24,Del Rosario,Tomas,October 2023,165
24,Del Rosario,Tomas,November 2023,157
24,Del Rosario,Tomas,December 2023,152
24,Del Rosario,Tomas,January 2024,157
24,Del Rosario,Tomas,February 2024,163
24,Del Rosario,Tomas,March 2024,166
24,Del Rosario,Tomas,April 2024,151
24,Del Rosario,Tomas,May 2024,166
25,Tolentino,Jacklyn,June 2019,163
25,Tolentino,Jacklyn,July 2019,155
25,Tolentino,Jacklyn,August 2019,168
25,Tolentino,Jacklyn,September 2019,166
25,Tolentino,Jacklyn,October 2019,162
25,Tolentino,Jacklyn,November 2019,154
25,Tolentino,Jacklyn,December 2019,166
25,Tolentino,Jacklyn,January 2020,169
25,Tolentino,Jacklyn,February 2020,164
25,Tolentino,Jacklyn,March 2020,158
25,Tolentino,Jacklyn,April 2020,164
25,Tolentino,Jacklyn,May 2020,167
25,Tolentino,Jacklyn,June 2020,160
25,Tolentino,Jacklyn,July 2020,164
25,Tolentino,Jacklyn,August 2020,156
25,Tolentino,Jacklyn,September 2020,163
25,Tolentino,Jacklyn,October 2020,154
25,Tolentino,Jacklyn,November 2020,165
25,Tolentino,Jacklyn,December 2020,164
25,Tolentino,Jacklyn,January 2021,160
25,Tolentino,Jacklyn,February 2021,161
25,Tolentino,Jacklyn,March 2021,164
25,Tolentino,Jacklyn,April 2021,161
25,Tolentino,Jacklyn,May 2021,170
25,Tolentino,Jacklyn,June 2021,152
25,Tolentino,Jacklyn,July 2021,150
25,Tolentino,Jacklyn,August 2021,164
25,Tolentino,Jacklyn,September 2021,156
25,Tolentino,Jacklyn,October 2021,168
25,Tolentino,Jacklyn,November 2021,164
25,Tolentino,Jacklyn,December 2021,163
25,Tolentino,Jacklyn,January 2022,162
25,Tolentino,Jacklyn,February 2022,155
25,Tolentino,Jacklyn,March 2022,169
25,Tolentino,Jacklyn,April 2022,169
25,Tolentino,Jacklyn,May 2022,158
25,Tolentino,Jacklyn,June 2022,158
25,Tolentino,Jacklyn,July 2022,165
25,Tolentino,Jacklyn,August 2022,170
25,Tolentino,Jacklyn,September 2022,160
25,Tolentino,Jacklyn,October 2022,160
25,Tolentino,Jacklyn,November 2022,170
25,Tolentino,Jacklyn,December 2022,167
25,Tolentino,Jacklyn,January 2023,150
25,Tolentino,Jacklyn,February 2023,157
25,Tolentino,Jacklyn,March 2023,156
25,Tolentino,Jacklyn,April 2023,152
25,Tolentino,Jacklyn,May 2023,151
25,Tolentino,Jacklyn,June 2023,166
25,Tolentino,Jacklyn,July 2023,163
25,Tolentino,Jacklyn,August 2023,167
25,Tolentino,Jacklyn,September 2023,157
25,Tolentino,Jacklyn,October 2023,151
25,Tolentino,Jacklyn,November 2023,152
25,Tolentino,Jacklyn,December 2023,150
25,Tolentino,Jacklyn,January 2024,168
25,Tolentino,Jacklyn,February 2024,156
25,Tolentino,Jacklyn,March 2024,156
25,Tolentino,Jacklyn,April 2024,153
25,Tolentino,Jacklyn,May 2024,154
26,Gutierrez,Percival,June 2019,169
26,Gutierrez,Percival,July 2019,168
26,Gutierrez,Percival,August 2019,156
26,Gutierrez,Percival,September 2019,164
26,Gutierrez,Percival,October 2019,165
26,Gutierrez,Percival,November 2019,167
26,Gutierrez,Percival,December 2019,151
26,Gutierrez,Percival,January 2020,159
26,Gutierrez,Percival,February 2020,169
26,Gutierrez,Percival,March 2020,167
26,Gutierrez,Percival,April 2020,161
26,Gutierrez,Percival,May 2020,150
26,Gutierrez,Percival,June 2020,153
26,Gutierrez,Percival,July 2020,154
26,Gutierrez,Percival,August 2020,170
26,Gutierrez,Percival,September 2020,169
26,Gutierrez,Percival,October 2020,165
26,Gutierrez,Percival,November 2020,155
26,Gutierrez,Percival,December 2020,170
26,Gutierrez,Percival,January 2021,154
26,Gutierrez,Percival,February 2021,159
26,Gutierrez,Percival,March 2021,166
26,Gutierrez,Percival,April 2021,166
26,Gutierrez,Percival,May 2021,155
26,Gutierrez,Percival,June 2021,150
26,Gutierrez,Percival,July 2021,153
26,Gutierrez,Percival,August 2021,158
26,Gutierrez,Percival,September 2021,159
26,Gutierrez,Percival,October 2021,160
26,Gutierrez,Percival,November 2021,156
26,Gutierrez,Percival,December 2021,162
26,Gutierrez,Percival,January 2022,161
26,Gutierrez,Percival,February 2022,152
26,Gutierrez,Percival,March 2022,167
26,Gutierrez,Percival,April 2022,157
26,Gutierrez,Percival,May 2022,157
26,Gutierrez,Percival,June 2022,156
26,Gutierrez,Percival,July 2022,155
26,Gutierrez,Percival,August 2022,159
26,Gutierrez,Percival,September 2022,162
26,Gutierrez,Percival,October 2022,158
26,Gutierrez,Percival,November 2022,151
26,Gutierrez,Percival,December 2022,164
26,Gutierrez,Percival,January 2023,163
26,Gutierrez,Percival,February 2023,165
26,Gutierrez,Percival,March 2023,154
26,Gutierrez,Percival,April 2023,170
26,Gutierrez,Percival,May 2023,152
26,Gutierrez,Percival,June 2023,157
26,Gutierrez,Percival,July 2023,163
26,Gutierrez,Percival,August 2023,158
26,Gutierrez,Percival,September 2023,155
26,Gutierrez,Percival,October 2023,157
26,Gutierrez,Percival,November 2023,165
26,Gutierrez,Percival,December 2023,165
26,Gutierrez,Percival,January 2024,159
26,Gutierrez,Percival,February 2024,169
26,Gutierrez,Percival,March 2024,159
26,Gutierrez,Percival,April 2024,161
26,Gutierrez,Percival,May 2024,153
27,Manalaysay,Garfield,June 2019,157
27,Manalaysay,Garfield,July 2019,168
27,Manalaysay,Garfield,August 2019,158
27,Manalaysay,Garfield,September 2019,151
27,Manalaysay,Garfield,October 2019,153
27,Manalaysay,Garfield,November 2019,168
27,Manalaysay,Garfield,December 2019,167
27,Manalaysay,Garfield,January 2020,164
27,Manalaysay,Garfield,February 2020,160
27,Manalaysay,Garfield,March 2020,160
27,Manalaysay,Garfield,April 2020,161
27,Manalaysay,Garfield,May 2020,163
27,Manalaysay,Garfield,June 2020,164
27,Manalaysay,Garfield,July 2020,155
27,Manalaysay,Garfield,August 2020,160
27,Manalaysay,Garfield,September 2020,157
27,Manalaysay,Garfield,October 2020,167
27,Manalaysay,Garfield,November 2020,155
27,Manalaysay,Garfield,December 2020,156
27,Manalaysay,Garfield,January 2021,161
27,Manalaysay,Garfield,February 2021,161
27,Manalaysay,Garfield,March 2021,167
27,Manalaysay,Garfield,April 2021,168
27,Manalaysay,Garfield,May 2021,155
27,Manalaysay,Garfield,June 2021,167
27,Manalaysay,Garfield,July 2021,158
27,Manalaysay,Garfield,August 2021,167
27,Manalaysay,Garfield,September 2021,160
27,Manalaysay,Garfield,October 2021,157
27,Manalaysay,Garfield,November 2021,161
27,Manalaysay,Garfield,December 2021,164
27,Manalaysay,Garfield,January 2022,150
27,Manalaysay,Garfield,February 2022,151
27,Manalaysay,Garfield,March 2022,151
27,Manalaysay,Garfield,April 2022,154
27,Manalaysay,Garfield,May 2022,162
27,Manalaysay,Garfield,June 2022,158
27,Manalaysay,Garfield,July 2022,168
27,Manalaysay,Garfield,August 2022,162
27,Manalaysay,Garfield,September 2022,169
27,Manalaysay,Garfield,October 2022,153
27,Manalaysay,Garfield,November 2022,160
27,Manalaysay,Garfield,December 2022,157
27,Manalaysay,Garfield,January 2023,170
27,Manalaysay,Garfield,February 2023,164
27,Manalaysay,Garfield,March 2023,158
27,Manalaysay,Garfield,April 2023,164
27,Manalaysay,Garfield,May 2023,153
27,Manalaysay,Garfield,June 2023,153
27,Manalaysay,Garfield,July 2023,167
27,Manalaysay,Garfield,August 2023,162
27,Manalaysay,Garfield,September 2023,163
27,Manalaysay,Garfield,October 2023,157
27,Manalaysay,Garfield,November 2023,165
27,Manalaysay,Garfield,December 2023,164
27,Manalaysay,Garfield,January 2024,157
27,Manalaysay,Garfield,February 2024,169
27,Manalaysay,Garfield,March 2024,160
27,Manalaysay,Garfield,April 2024,163
27,Manalaysay,Garfield,May 2024,168
28,Villegas,Lizeth,June 2019,151
28,Villegas,Lizeth,July 2019,161
28,Villegas,Lizeth,August 2019,168
28,Villegas,Lizeth,September 2019,164
28,Villegas,Lizeth,October 2019,155
28,Villegas,Lizeth,November 2019,158
28,Villegas,Lizeth,December 2019,168
28,Villegas,Lizeth,January 2020,152
28,Villegas,Lizeth,February 2020,161
28,Villegas,Lizeth,March 2020,162
28,Villegas,Lizeth,April 2020,161
28,Villegas,Lizeth,May 2020,158
28,Villegas,Lizeth,June 2020,154
28,Villegas,Lizeth,July 2020,167
28,Villegas,Lizeth,August 2020,162
28,Villegas,Lizeth,September 2020,167
28,Villegas,Lizeth,October 2020,160
28,Villegas,Lizeth,November 2020,166
28,Villegas,Lizeth,December 2020,160
28,Villegas,Lizeth,January 2021,161
28,Villegas,Lizeth,February 2021,152
28,Villegas,Lizeth,March 2021,160
28,Villegas,Lizeth,April 2021,162
28,Villegas,Lizeth,May 2021,167
28,Villegas,Lizeth,June 2021,157
28,Villegas,Lizeth,July 2021,166
28,Villegas,Lizeth,August 2021,160
28,Villegas,Lizeth,September 2021,152
28,Villegas,Lizeth,October 2021,165
28,Villegas,Lizeth,November 2021,161
28,Villegas,Lizeth,December 2021,164
28,Villegas,Lizeth,January 2022,169
28,Villegas,Lizeth,February 2022,170
28,Villegas,Lizeth,March 2022,159
28,Villegas,Lizeth,April 2022,153
28,Villegas,Lizeth,May 2022,166
28,Villegas,Lizeth,June 2022,150
28,Villegas,Lizeth,July 2022,163
28,Villegas,Lizeth,August 2022,156
28,Villegas,Lizeth,September 2022,154
28,Villegas,Lizeth,October 2022,153
28,Villegas,Lizeth,November 2022,169
28,Villegas,Lizeth,December 2022,167
28,Villegas,Lizeth,January 2023,166
28,Villegas,Lizeth,February 2023,157
28,Villegas,Lizeth,March 2023,161
28,Villegas,Lizeth,April 2023,152
28,Villegas,Lizeth,May 2023,158
28,Villegas,Lizeth,June 2023,158
28,Villegas,Lizeth,July 2023,156
28,Villegas,Lizeth,August 2023,170
28,Villegas,Lizeth,September 2023,151
28,Villegas,Lizeth,October 2023,154
28,Villegas,Lizeth,November 2023,169
28,Villegas,Lizeth,December 2023,161
28,Villegas,Lizeth,January 2024,155
28,Villegas,Lizeth,February 2024,157
28,Villegas,Lizeth,March 2024,160
28,Villegas,Lizeth,April 2024,159
28,Villegas,Lizeth,May 2024,169
29,Ramos,Carol,June 2019,169
29,Ramos,Carol,July 2019,168
29,Ramos,Carol,August 2019,169
29,Ramos,Carol,September 2019,155
29,Ramos,Carol,October 2019,163
29,Ramos,Carol,November 2019,165
29,Ramos,Carol,December 2019,169
29,Ramos,Carol,January 2020,162
29,Ramos,Carol,February 2020,161
29,Ramos,Carol,March 2020,150
29,Ramos,Carol,April 2020,164
29,Ramos,Carol,May 2020,157
29,Ramos,Carol,June 2020,150
29,Ramos,Carol,July 2020,151
29,Ramos,Carol,August 2020,165
29,Ramos,Carol,September 2020,163
29,Ramos,Carol,October 2020,161
29,Ramos,Carol,November 2020,165
29,Ramos,Carol,December 2020,154
29,Ramos,Carol,January 2021,160
29,Ramos,Carol,February 2021,157
29,Ramos,Carol,March 2021,160
29,Ramos,Carol,April 2021,161
29,Ramos,Carol,May 2021,150
29,Ramos,Carol,June 2021,167
29,Ramos,Carol,July 2021,162
29,Ramos,Carol,August 2021,161
29,Ramos,Carol,September 2021,165
29,Ramos,Carol,October 2021,170
29,Ramos,Carol,November 2021,152
29,Ramos,Carol,December 2021,152
29,Ramos,Carol,January 2022,160
29,Ramos,Carol,February 2022,154
29,Ramos,Carol,March 2022,154
29,Ramos,Carol,April 2022,169
29,Ramos,Carol,May 2022,162
29,Ramos,Carol,June 2022,167
29,Ramos,Carol,July 2022,166
29,Ramos,Carol,August 2022,165
29,Ramos,Carol,September 2022,156
29,Ramos,Carol,October 2022,156
29,Ramos,Carol,November 2022,166
29,Ramos,Carol,December 2022,159
29,Ramos,Carol,January 2023,163
29,Ramos,Carol,February 2023,159
29,Ramos,Carol,March 2023,152
29,Ramos,Carol,April 2023,159
29,Ramos,Carol,May 2023,164
29,Ramos,Carol,June 2023,154
29,Ramos,Carol,July 2023,170
29,Ramos,Carol,August 2023,150
29,Ramos,Carol,September 2023,160
29,Ramos,Carol,October 2023,163
29,Ramos,Carol,November 2023,161
29,Ramos,Carol,December 2023,152
29,Ramos,Carol,January 2024,155
29,Ramos,Carol,February 2024,157
29,Ramos,Carol,March 2024,167
29,Ramos,Carol,April 2024,153
29,Ramos,Carol,May 2024,165
30,Maceda,Emelia,June 2019,152
30,Maceda,Emelia,July 2019,166
30,Maceda,Emelia,August 2019,169
30,Maceda,Emelia,September 2019,168
30,Maceda,Emelia,October 2019,168
30,Maceda,Emelia,November 2019,160
30,Maceda,Emelia,December 2019,168
30,Maceda,Emelia,January 2020,153
30,Maceda,Emelia,February 2020,167
30,Maceda,Emelia,March 2020,157
30,Maceda,Emelia,April 2020,160
30,Maceda,Emelia,May 2020,164
30,Maceda,Emelia,June 2020,155
30,Maceda,Emelia,July 2020,161
30,Maceda,Emelia,August 2020,169
30,Maceda,Emelia,September 2020,160
30,Maceda,Emelia,October 2020,160
30,Maceda,Emelia,November 2020,159
30,Maceda,Emelia,December 2020,153
30,Maceda,Emelia,January 2021,161
30,Maceda,Emelia,February 2021,150
30,Maceda,Emelia,March 2021,156
30,Maceda,Emelia,April 2021,169
30,Maceda,Emelia,May 2021,151
30,Maceda,Emelia,June 2021,162
30,Maceda,Emelia,July 2021,159
30,Maceda,Emelia,August 2021,169
30,Maceda,Emelia,September 2021,161
30,Maceda,Emelia,October 2021,153
30,Maceda,Emelia,November 2021,159
30,Maceda,Emelia,December 2021,158
30,Maceda,Emelia,January 2022,170
30,Maceda,Emelia,February 2022,158
30,Maceda,Emelia,March 2022,159
30,Maceda,Emelia,April 2022,163
30,Maceda,Emelia,May 2022,165
30,Maceda,Emelia,June 2022,165
30,Maceda,Emelia,July 2022,154
30,Maceda,Emelia,August 2022,151
30,Maceda,Emelia,September 2022,155
30,Maceda,Emelia,October 2022,160
30,Maceda,Emelia,November 2022,150
30,Maceda,Emelia,December 2022,169
30,Maceda,Emelia,January 2023,156
30,Maceda,Emelia,February 2023,153
30,Maceda,Emelia,March 2023,166
30,Maceda,Emelia,April 2023,153
30,Maceda,Emelia,May 2023,156
30,Maceda,Emelia,June 2023,159
30,Maceda,Emelia,July 2023,155
30,Maceda,Emelia,August 2023,161
30,Maceda,Emelia,September 2023,167
30,Maceda,Emelia,October 2023,161
30,Maceda,Emelia,November 2023,153
30,Maceda,Emelia,December 2023,170
30,Maceda,Emelia,January 2024,164
30,Maceda,Emelia,February 2024,164
30,Maceda,Emelia,March 2024,166
30,Maceda,Emelia,April 2024,153
30,Maceda,Emelia,May 2024,156
31,Aguilar,Delia,June 2019,161
31,Aguilar,Delia,July 2019,156
31,Aguilar,Delia,August 2019,170
31,Aguilar,Delia,September 2019,152
31,Aguilar,Delia,October 2019,150
31,Aguilar,Delia,November 2019,151
31,Aguilar,Delia,December 2019,154
31,Aguilar,Delia,January 2020,163
31,Aguilar,Delia,February 2020,158
31,Aguilar,Delia,March 2020,157
31,Aguilar,Delia,April 2020,167
31,Aguilar,Delia,May 2020,170
31,Aguilar,Delia,June 2020,158
31,Aguilar,Delia,July 2020,155
31,Aguilar,Delia,August 2020,151
31,Aguilar,Delia,September 2020,168
31,Aguilar,Delia,October 2020,160
31,Aguilar,Delia,November 2020,161
31,Aguilar,Delia,December 2020,157
31,Aguilar,Delia,January 2021,160
31,Aguilar,Delia,February 2021,157
31,Aguilar,Delia,March 2021,162
31,Aguilar,Delia,April 2021,169
31,Aguilar,Delia,May 2021,163
31,Aguilar,Delia,June 2021,160
31,Aguilar,Delia,July 2021,153
31,Aguilar,Delia,August 2021,170
31,Aguilar,Delia,September 2021,170
31,Aguilar,Delia,October 2021,167
31,Aguilar,Delia,November 2021,169
31,Aguilar,Delia,December 2021,155
31,Aguilar,Delia,January 2022,151
31,Aguilar,Delia,February 2022,162
31,Aguilar,Delia,March 2022,157
31,Aguilar,Delia,April 2022,155
31,Aguilar,Delia,May 2022,170
31,Aguilar,Delia,June 2022,152
31,Aguilar,Delia,July 2022,166
31,Aguilar,Delia,August 2022,163
31,Aguilar,Delia,September 2022,158
31,Aguilar,Delia,October 2022,157
31,Aguilar,Delia,November 2022,151
31,Aguilar,Delia,December 2022,151
31,Aguilar,Delia,January 2023,151
31,Aguilar,Delia,February 2023,159
31,Aguilar,Delia,March 2023,154
31,Aguilar,Delia,April 2023,156
31,Aguilar,Delia,May 2023,151
31,Aguilar,Delia,June 2023,168
31,Aguilar,Delia,July 2023,170
31,Aguilar,Delia,August 2023,160
31,Aguilar,Delia,September 2023,165
31,Aguilar,Delia,October 2023,153
31,Aguilar,Delia,November 2023,168
31,Aguilar,Delia,December 2023,156
31,Aguilar,Delia,January 2024,170
31,Aguilar,Delia,February 2024,150
31,Aguilar,Delia,March 2024,164
31,Aguilar,Delia,April 2024,153
31,Aguilar,Delia,May 2024,155
32,Castro,John Rafael,June 2019,157
32,Castro,John Rafael,July 2019,166
32,Castro,John Rafael,August 2019,161
32,Castro,John Rafael,September 2019,161
32,Castro,John Rafael,October 2019,162
32,Castro,John Rafael,November 2019,152
32,Castro,John Rafael,December 2019,155
32,Castro,John Rafael,January 2020,167
32,Castro,John Rafael,February 2020,164
32,Castro,John Rafael,March 2020,155
32,Castro,John Rafael,April 2020,164
32,Castro,John Rafael,May 2020,167
32,Castro,John Rafael,June 2020,159
32,Castro,John Rafael,July 2020,164
32,Castro,John Rafael,August 2020,162
32,Castro,John Rafael,September 2020,152
32,Castro,John Rafael,October 2020,153
32,Castro,John Rafael,November 2020,150
32,Castro,John Rafael,December 2020,162
32,Castro,John Rafael,January 2021,162
32,Castro,John Rafael,February 2021,162
32,Castro,John Rafael,March 2021,169
32,Castro,John Rafael,April 2021,150
32,Castro,John Rafael,May 2021,167
32,Castro,John Rafael,June 2021,152
32,Castro,John Rafael,July 2021,168
32,Castro,John Rafael,August 2021,169
32,Castro,John Rafael,September 2021,154
32,Castro,John Rafael,October 2021,155
32,Castro,John Rafael,November 2021,167
32,Castro,John Rafael,December 2021,156
32,Castro,John Rafael,January 2022,165
32,Castro,John Rafael,February 2022,151
32,Castro,John Rafael,March 2022,165
32,Castro,John Rafael,April 2022,159
32,Castro,John Rafael,May 2022,163
32,Castro,John Rafael,June 2022,167
32,Castro,John Rafael,July 2022,162
32,Castro,John Rafael,August 2022,163
32,Castro,John Rafael,September 2022,168
32,Castro,John Rafael,October 2022,165
32,Castro,John Rafael,November 2022,152
32,Castro,John Rafael,December 2022,161
32,Castro,John Rafael,January 2023,159
32,Castro,John Rafael,February 2023,168
32,Castro,John Rafael,March 2023,158
32,Castro,John Rafael,April 2023,169
32,Castro,John Rafael,May 2023,165
32,Castro,John Rafael,June 2023,154
32,Castro,John Rafael,July 2023,160
32,Castro,John Rafael,August 2023,167
32,Castro,John Rafael,September 2023,156
32,Castro,John Rafael,October 2023,162
32,Castro,John Rafael,November 2023,158
32,Castro,John Rafael,December 2023,158
32,Castro,John Rafael,January 2024,158
32,Castro,John Rafael,February 2024,162
32,Castro,John Rafael,March 2024,155
32,Castro,John Rafael,April 2024,168
32,Castro,John Rafael,May 2024,152
33,Martinez,Carlos Ian,June 2019,155
33,Martinez,Carlos Ian,July 2019,155
33,Martinez,Carlos Ian,August 2019,154
33,Martinez,Carlos Ian,September 2019,160
33,Martinez,Carlos Ian,October 2019,167
33,Martinez,Carlos Ian,November 2019,161
33,Martinez,Carlos Ian,December 2019,167
33,Martinez,Carlos Ian,January 2020,158
33,Martinez,Carlos Ian,February 2020,153
33,Martinez,Carlos Ian,March 2020,166
33,Martinez,Carlos Ian,April 2020,161
33,Martinez,Carlos Ian,May 2020,168
33,Martinez,Carlos Ian,June 2020,165
33,Martinez,Carlos Ian,July 2020,153
33,Martinez,Carlos Ian,August 2020,154
33,Martinez,Carlos Ian,September 2020,157
33,Martinez,Carlos Ian,October 2020,153
33,Martinez,Carlos Ian,November 2020,161
33,Martinez,Carlos Ian,December 2020,165
33,Martinez,Carlos Ian,January 2021,163
33,Martinez,Carlos Ian,February 2021,165
33,Martinez,Carlos Ian,March 2021,151
33,Martinez,Carlos Ian,April 2021,161
33,Martinez,Carlos Ian,May 2021,155
33,Martinez,Carlos Ian,June 2021,154
33,Martinez,Carlos Ian,July 2021,150
33,Martinez,Carlos Ian,August 2021,155
33,Martinez,Carlos Ian,September 2021,161
33,Martinez,Carlos Ian,October 2021,163
33,Martinez,Carlos Ian,November 2021,157
33,Martinez,Carlos Ian,December 2021,158
33,Martinez,Carlos Ian,January 2022,161
33,Martinez,Carlos Ian,February 2022,151
33,Martinez,Carlos Ian,March 2022,164
33,Martinez,Carlos Ian,April 2022,156
33,Martinez,Carlos Ian,May 2022,161
33,Martinez,Carlos Ian,June 2022,160
33,Martinez,Carlos Ian,July 2022,150
33,Martinez,Carlos Ian,August 2022,168
33,Martinez,Carlos Ian,September 2022,158
33,Martinez,Carlos Ian,October 2022,156
33,Martinez,Carlos Ian,November 2022,161
33,Martinez,Carlos Ian,December 2022,153
33,Martinez,Carlos Ian,January 2023,170
33,Martinez,Carlos Ian,February 2023,154
33,Martinez,Carlos Ian,March 2023,154
33,Martinez,Carlos Ian,April 2023,167
33,Martinez,Carlos Ian,May 2023,170
33,Martinez,Carlos Ian,June 2023,165
33,Martinez,Carlos Ian,July 2023,169
33,Martinez,Carlos Ian,August 2023,158
33,Martinez,Carlos Ian,September 2023,159
33,Martinez,Carlos Ian,October 2023,168
33,Martinez,Carlos Ian,November 2023,167
33,Martinez,Carlos Ian,December 2023,157
33,Martinez,Carlos Ian,January 2024,169
33,Martinez,Carlos Ian,February 2024,153
33,Martinez,Carlos Ian,March 2024,159
33,Martinez,Carlos Ian,April 2024,165
33,Martinez,Carlos Ian,May 2024,166
34,Santos,Beatriz,June 2019,157
34,Santos,Beatriz,July 2019,153
34,Santos,Beatriz,August 2019,157
34,Santos,Beatriz,September 2019,158
34,Santos,Beatriz,October 2019,155
34,Santos,Beatriz,November 2019,155
34,Santos,Beatriz,December 2019,151
34,Santos,Beatriz,January 2020,164
34,Santos,Beatriz,February 2020,156
34,Santos,Beatriz,March 2020,167
34,Santos,Beatriz,April 2020,158
34,Santos,Beatriz,May 2020,151
34,Santos,Beatriz,June 2020,152
34,Santos,Beatriz,July 2020,166
34,Santos,Beatriz,August 2020,152
34,Santos,Beatriz,September 2020,161
34,Santos,Beatriz,October 2020,160
34,Santos,Beatriz,November 2020,170
34,Santos,Beatriz,December 2020,154
34,Santos,Beatriz,January 2021,164
34,Santos,Beatriz,February 2021,170
34,Santos,Beatriz,March 2021,157
34,Santos,Beatriz,April 2021,155
34,Santos,Beatriz,May 2021,164
34,Santos,Beatriz,June 2021,168
34,Santos,Beatriz,July 2021,164
34,Santos,Beatriz,August 2021,165
34,Santos,Beatriz,September 2021,169
34,Santos,Beatriz,October 2021,150
34,Santos,Beatriz,November 2021,156
34,Santos,Beatriz,December 2021,159
34,Santos,Beatriz,January 2022,151
34,Santos,Beatriz,February 2022,161
34,Santos,Beatriz,March 2022,156
34,Santos,Beatriz,April 2022,158
34,Santos,Beatriz,May 2022,154
34,Santos,Beatriz,June 2022,162
34,Santos,Beatriz,July 2022,153
34,Santos,Beatriz,August 2022,155
34,Santos,Beatriz,September 2022,162
34,Santos,Beatriz,October 2022,168
34,Santos,Beatriz,November 2022,150
34,Santos,Beatriz,December 2022,151
34,Santos,Beatriz,January 2023,170
34,Santos,Beatriz,February 2023,163
34,Santos,Beatriz,March 2023,166
34,Santos,Beatriz,April 2023,161
34,Santos,Beatriz,May 2023,164
34,Santos,Beatriz,June 2023,163
34,Santos,Beatriz,July 2023,158
34,Santos,Beatriz,August 2023,153
34,Santos,Beatriz,September 2023,159
34,Santos,Beatriz,October 2023,167
34,Santos,Beatriz,November 2023,155
34,Santos,Beatriz,December 2023,161
34,Santos,Beatriz,January 2024,163
34,Santos,Beatriz,February 2024,159
34,Santos,Beatriz,March 2024,163
34,Santos,Beatriz,April 2024,163
34,Santos,Beatriz,May 2024,166
